export_index,sample_key,source_audio_path,exported_wav_path,positive_labels,all_aggregated_labels_summary
1,068893_7680,/scratch/jnl9728/datasets/mir_final_project/openmic-2018/audio/068/068893_7680.ogg,/home/mg8253/workspace/mir/mir-final-project-instrument-classification/notebook/samples/01_068893_7680.wav,synthesizer,synthesizer:1.000
2,056571_1255680,/scratch/jnl9728/datasets/mir_final_project/openmic-2018/audio/056/056571_1255680.ogg,/home/mg8253/workspace/mir/mir-final-project-instrument-classification/notebook/samples/02_056571_1255680.wav,violin,violin:1.000; cello:1.000; guitar:0.151; cymbals:0.000; mandolin:0.000
3,019706_0,/scratch/jnl9728/datasets/mir_final_project/openmic-2018/audio/019/019706_0.ogg,/home/mg8253/workspace/mir/mir-final-project-instrument-classification/notebook/samples/03_019706_0.wav,guitar,guitar:1.000; bass:0.000; trombone:0.000; flute:0.000
4,071317_84480,/scratch/jnl9728/datasets/mir_final_project/openmic-2018/audio/071/071317_84480.ogg,/home/mg8253/workspace/mir/mir-final-project-instrument-classification/notebook/samples/04_071317_84480.wav,guitar,guitar:1.000
5,070934_142080,/scratch/jnl9728/datasets/mir_final_project/openmic-2018/audio/070/070934_142080.ogg,/home/mg8253/workspace/mir/mir-final-project-instrument-classification/notebook/samples/05_070934_142080.wav,piano,piano:1.000
6,107068_145920,/scratch/jnl9728/datasets/mir_final_project/openmic-2018/audio/107/107068_145920.ogg,/home/mg8253/workspace/mir/mir-final-project-instrument-classification/notebook/samples/06_107068_145920.wav,synthesizer,synthesizer:1.000; mandolin:0.000
7,085173_103680,/scratch/jnl9728/datasets/mir_final_project/openmic-2018/audio/085/085173_103680.ogg,/home/mg8253/workspace/mir/mir-final-project-instrument-classification/notebook/samples/07_085173_103680.wav,synthesizer,synthesizer:1.000
8,036074_629760,/scratch/jnl9728/datasets/mir_final_project/openmic-2018/audio/036/036074_629760.ogg,/home/mg8253/workspace/mir/mir-final-project-instrument-classification/notebook/samples/08_036074_629760.wav,synthesizer,synthesizer:1.000
9,048314_153600,/scratch/jnl9728/datasets/mir_final_project/openmic-2018/audio/048/048314_153600.ogg,/home/mg8253/workspace/mir/mir-final-project-instrument-classification/notebook/samples/09_048314_153600.wav,synthesizer,synthesizer:1.000
10,032442_249600,/scratch/jnl9728/datasets/mir_final_project/openmic-2018/audio/032/032442_249600.ogg,/home/mg8253/workspace/mir/mir-final-project-instrument-classification/notebook/samples/10_032442_249600.wav,violin,violin:1.000; trumpet:0.830
11,149309_184320,/scratch/jnl9728/datasets/mir_final_project/openmic-2018/audio/149/149309_184320.ogg,/home/mg8253/workspace/mir/mir-final-project-instrument-classification/notebook/samples/11_149309_184320.wav,violin,violin:1.000
12,005623_203520,/scratch/jnl9728/datasets/mir_final_project/openmic-2018/audio/005/005623_203520.ogg,/home/mg8253/workspace/mir/mir-final-project-instrument-classification/notebook/samples/12_005623_203520.wav,violin,violin:0.839
13,082261_42240,/scratch/jnl9728/datasets/mir_final_project/openmic-2018/audio/082/082261_42240.ogg,/home/mg8253/workspace/mir/mir-final-project-instrument-classification/notebook/samples/13_082261_42240.wav,violin,violin:1.000
14,032523_42240,/scratch/jnl9728/datasets/mir_final_project/openmic-2018/audio/032/032523_42240.ogg,/home/mg8253/workspace/mir/mir-final-project-instrument-classification/notebook/samples/14_032523_42240.wav,guitar,guitar:1.000; organ:0.000; accordion:0.000
15,085834_119040,/scratch/jnl9728/datasets/mir_final_project/openmic-2018/audio/085/085834_119040.ogg,/home/mg8253/workspace/mir/mir-final-project-instrument-classification/notebook/samples/15_085834_119040.wav,drums,drums:0.810
16,108085_138240,/scratch/jnl9728/datasets/mir_final_project/openmic-2018/audio/108/108085_138240.ogg,/home/mg8253/workspace/mir/mir-final-project-instrument-classification/notebook/samples/16_108085_138240.wav,violin,violin:1.000; voice:0.000; mallet_percussion:0.000
17,084888_0,/scratch/jnl9728/datasets/mir_final_project/openmic-2018/audio/084/084888_0.ogg,/home/mg8253/workspace/mir/mir-final-project-instrument-classification/notebook/samples/17_084888_0.wav,violin,violin:0.827; accordion:0.161; drums:0.000
18,154196_230400,/scratch/jnl9728/datasets/mir_final_project/openmic-2018/audio/154/154196_230400.ogg,/home/mg8253/workspace/mir/mir-final-project-instrument-classification/notebook/samples/18_154196_230400.wav,drums,drums:0.829
19,057543_42240,/scratch/jnl9728/datasets/mir_final_project/openmic-2018/audio/057/057543_42240.ogg,/home/mg8253/workspace/mir/mir-final-project-instrument-classification/notebook/samples/19_057543_42240.wav,synthesizer,synthesizer:1.000
20,118020_303360,/scratch/jnl9728/datasets/mir_final_project/openmic-2018/audio/118/118020_303360.ogg,/home/mg8253/workspace/mir/mir-final-project-instrument-classification/notebook/samples/20_118020_303360.wav,drums,drums:1.000
